reference_id,source_file,available_files,entry_type,citation_key,title,authors,year,container_title,publisher,organization,volume,issue,pages,doi,doi_url,url,note,raw_reference,raw_bib
LWCite-1001,LWCite-1001.bib,LWCite-1001.bib,misc,brignoni_aleapp_adb_hosts,ALEAPP adb_hosts.py,"Brignoni, Alexis",n.d.,,,,,,,,,https://github.com/abrignoni/ALEAPP/blob/main/scripts/artifacts/adb_hosts.py,Android Logs Events And Protobuf Parser (ALEAPP) artifact script,,"@misc{brignoni_aleapp_adb_hosts, author = {Brignoni, Alexis}, title = {ALEAPP adb\_hosts.py}, year = {n.d.}, url = {https://github.com/abrignoni/ALEAPP/blob/main/scripts/artifacts/adb_hosts.py}, note = {Android Logs Events And Protobuf Parser (ALEAPP) artifact script} }"
LWCite-1002,LWCite-1002.bib,LWCite-1002.bib,article,alam2024sift,SIFT: Sifting file types—application of explainable artificial intelligence in cyber forensics,"Alam, Shahid; Demir, Alper Kamil",2024,Cybersecurity,Springer,,7,1,52,,,,,,"@article{alam2024sift, title={SIFT: Sifting file types—application of explainable artificial intelligence in cyber forensics}, author={Alam, Shahid and Demir, Alper Kamil}, journal={Cybersecurity}, volume={7}, number={1}, pages={52}, year={2024}, publisher={Springer} }"
LWCite-1003,LWCite-1003.bib,LWCite-1003.bib; LWCite-1003.txt,misc,android_adb,Android Debug Bridge (adb),Android Developers,2025,,,,,,,,,https://developer.android.com/tools/adb,Official Android developer documentation for ADB,"Android (2025), Android Debug Bridge (adb), https://developer.android.com/tools/adb","@misc{android_adb, author = {{Android Developers}}, title = {Android Debug Bridge (adb)}, year = {2025}, url = {https://developer.android.com/tools/adb}, note = {Official Android developer documentation for ADB} }"
LWCite-1004,LWCite-1004.txt,LWCite-1004.txt,web_reference,,How to Enable Android Developer Settings: Unlock your Device's Hidden Potential,Android,2025,,,,,,,,,https://www.android.com/intl/en_uk/articles/enable-android-developer-settings/,,"Android (2025), How to Enable Android Developer Settings: Unlock your Device’s Hidden Potential, https://www.android.com/intl/en_uk/articles/enable-android-developer-settings/",
LWCite-1005,LWCite-1005.txt,LWCite-1005.txt,web_reference,,View and restore past versions of documents on Mac,Apple,2025,,,,,,,,,https://support.apple.com/en-gb/guide/mac-help/mh40710/mac,,Apple (2025) View and restore past versions of documents on Mac https://support.apple.com/en-gb/guide/mac-help/mh40710/mac,
LWCite-1006,LWCite-1006.txt,LWCite-1006.txt,web_reference,,Autopsy Interesting File module,,,,,,,,,,,https://sleuthkit.org/autopsy/docs/user-docs/3.1/interesting_page.html,,"Autopsy Interesting File module, https://sleuthkit.org/autopsy/docs/user-docs/3.1/interesting_page.html",
LWCite-1007,LWCite-1007.txt,LWCite-1007.txt,web_reference,,Extension Mismatch Detector Module,Basis Technology,2015,,,,,,,,,https://sleuthkit.org/autopsy/docs/user-docs/3.1/extension_mismatch_detector_page.html,,"Basis Technology (2015), Extension Mismatch Detector Module, https://sleuthkit.org/autopsy/docs/user-docs/3.1/extension_mismatch_detector_page.html",
LWCite-1008,LWCite-1008.txt,LWCite-1008.txt,web_reference,,Reporting,Basis Technology,2019,,,,,,,,,https://sleuthkit.org/autopsy/docs/user-docs/4.12.0/reporting_page.html,,"Basis Technology 2019, Reporting, https://sleuthkit.org/autopsy/docs/user-docs/4.12.0/reporting_page.html",
LWCite-1009,LWCite-1009.txt,LWCite-1009.txt,web_reference,,Tagging,Basis Technology,2019,,,,,,,,,https://sleuthkit.org/autopsy/docs/user-docs/4.12.0/tagging_page.html,,"Basis Technology 2019, Tagging, https://sleuthkit.org/autopsy/docs/user-docs/4.12.0/tagging_page.html",
LWCite-1010,LWCite-1010.txt,LWCite-1010.txt,web_reference,,Autopsy User Documentation: Geolocation Overview,Basis Technology,2020,,,,,,,,,https://sleuthkit.org/autopsy/docs/user-docs/4.13.0/geolocation_page.html,,"Basis Technology 2020, Autopsy User Documentation: Geolocation Overview, https://sleuthkit.org/autopsy/docs/user-docs/4.13.0/geolocation_page.html",
LWCite-1011,LWCite-1011.txt,LWCite-1011.txt,web_reference,,PhotoRec Carver Module,Basis Technology,2025,,,,,,,,,https://sleuthkit.org/autopsy/docs/user-docs/4.22.0/photorec_carver_page.html,,"Basis Technology 2025, PhotoRec Carver Module, https://sleuthkit.org/autopsy/docs/user-docs/4.22.0/photorec_carver_page.html",
LWCite-1012,LWCite-1012.txt,LWCite-1012.txt,citation_text_reference,,"Social-Oriented Communication with AI Companions: Benefits, Costs, and Contextual Patterns","Bayor, L., Weinert, C., Maier, C.; Weitzel, T",2025,"Business & Information Systems Engineering, pp.1-19",,,,,,,,,,"Bayor, L., Weinert, C., Maier, C. and Weitzel, T., 2025. Social-Oriented Communication with AI Companions: Benefits, Costs, and Contextual Patterns. Business & Information Systems Engineering, pp.1-19.",
LWCite-1013,LWCite-1013.txt,LWCite-1013.txt,citation_text_reference,,Digital forensic text string searching: Improving information retrieval effectiveness by thematically clustering search results,"Beebe, N.L.; Clark, J.G",2007,"Digital investigation, 4, pp.49-54",,,,,,,,,,"Beebe, N.L. and Clark, J.G., 2007. Digital forensic text string searching: Improving information retrieval effectiveness by thematically clustering search results. Digital investigation, 4, pp.49-54.",
LWCite-1014,LWCite-1014.txt,LWCite-1014.txt,citation_text_reference,,Ranking algorithms for digital forensic string search hits,"Beebe, N.L.; Liu, L",2014,"Digital Investigation, 11, pp.S124-S132",,,,,,,,,,"Beebe, N.L. and Liu, L., 2014. Ranking algorithms for digital forensic string search hits. Digital Investigation, 11, pp.S124-S132.",
LWCite-1015,LWCite-1015.txt,LWCite-1015.txt,web_reference,,Dealing with Apple's USB Restricted Mode,Belkasoft,undated,,,,,,,,,https://belkasoft.com/dealing_with_usb_restricted_mode,,"Belkasoft (undated) Dealing with Apple's USB Restricted Mode, https://belkasoft.com/dealing_with_usb_restricted_mode",
LWCite-1016,LWCite-1016.txt,LWCite-1016.txt,web_reference,,Belkasoft,,,,,,,,,,,https://belkasoft.com/agent_based_ios_acquisition,,Belkasoft https://belkasoft.com/agent_based_ios_acquisition,
LWCite-1017,LWCite-1017.txt,LWCite-1017.txt,web_reference,,TimeSketch,Berggren at al,2014,,,,,,,,,https://timesketch.org,,"Berggren at al. (2014) TimeSketch, https://timesketch.org",
LWCite-1018,LWCite-1018.txt,LWCite-1018.txt,citation_text_reference,,Crime Scene Search,"Birzer, M.L",2018,"Introduction to Criminal Investigation, p.35",,,,,,,,,,"Birzer, M.L., 2018. Crime Scene Search. Introduction to Criminal Investigation, p.35.",
LWCite-1019,LWCite-1019.txt,LWCite-1019.txt,citation_text_reference,,SoK: Timeline based event reconstruction for digital forensics: Terminology,"Breitinger, F., Studiawan, H.; Hargreaves, C",2025,methodology,,,,,,,,,,"Breitinger, F., Studiawan, H. and Hargreaves, C., 2025. SoK: Timeline based event reconstruction for digital forensics: Terminology, methodology, and current challenges.",
LWCite-1020,LWCite-1020.bib,LWCite-1020.bib; LWCite-1020.txt,article,vanini2024clocks,Was the clock correct? Exploring timestamp interpretation through time anchors for digital forensic event reconstruction,Céline Vanini; Christopher J. Hargreaves; Harm van Beek; Frank Breitinger,2024,Forensic Science International: Digital Investigation,,,49,,301759,10.1016/j.fsidi.2024.301759,https://doi.org/10.1016/j.fsidi.2024.301759,https://www.sciencedirect.com/science/article/pii/S2666281724000787,,"C. Vanini, C. Hargreaves, H. van Beek, F. Breitinger, 2024, Was the clock correct? Exploring timestamp interpretation through time anchors for digital forensic event reconstruction, Forensic Science International: Digital Investigation, 10.1016/j.fsidi.2024.301759","@article{vanini2024clocks, title = {Was the clock correct? Exploring timestamp interpretation through time anchors for digital forensic event reconstruction}, journal = {Forensic Science International: Digital Investigation}, volume = {49}, pages = {301759}, year = {2024}, issn = {2666-2817}, doi = {https://doi.org/10.1016/j.fsidi.2024.301759}, url = {https://www.sciencedirect.com/science/article/pii/S2666281724000787}, author = {Céline Vanini and Christopher J. Hargreaves and Harm {van Beek} and Frank Breitinger} }"
LWCite-1021,LWCite-1021.txt,LWCite-1021.txt,web_reference,,The Forensic Implications of SQLite's Write Ahead Log,Caithness,2012,,,,,,,,,https://digitalinvestigation.wordpress.com/2012/05/04/the-forensic-implications-of-sqlites-write-ahead-log/,,"Caithness 2012, The Forensic Implications of SQLite’s Write Ahead Log, https://digitalinvestigation.wordpress.com/2012/05/04/the-forensic-implications-of-sqlites-write-ahead-log/",
LWCite-1022,LWCite-1022.txt,LWCite-1022.txt,web_reference,,Time travelling with SQLite Journals and WAL,Caithness,2024,,,,,,,,,https://www.cclsolutionsgroup.com/post/time-travelling-with-sqlite-journals-and-wal,,"Caithness 2024, Time travelling with SQLite Journals and WAL, https://www.cclsolutionsgroup.com/post/time-travelling-with-sqlite-journals-and-wal",
LWCite-1023,LWCite-1023.txt,LWCite-1023.txt,citation_text_reference,,Volatile memory acquisition tools–A comparison across taint and correctness,"Campbell, W",2013,11th Australian Digital Forensics Conference,,,,,,,,,,"Campbell, W., 2013. Volatile memory acquisition tools–A comparison across taint and correctness. 11th Australian Digital Forensics Conference. Edith Cowan University, Perth, Western Australia.",
LWCite-1024,LWCite-1024.txt,LWCite-1024.txt,citation_text_reference,,File system forensic analysis,"Carrier, B",2005,Addison-Wesley Professional,,,,,,,,,,"Carrier, B., 2005. File system forensic analysis. Addison-Wesley Professional.",
LWCite-1025,LWCite-1025.txt,LWCite-1025.txt,citation_text_reference,,Memory forensics: The path forward,"Case, A.; Richard III, G. G",2017,"Digital investigation, 20, 23-33",,,,,,,,,,"Case, A. and Richard III, G. G., 2017. Memory forensics: The path forward. Digital investigation, 20, 23-33.",
LWCite-1026,LWCite-1026.txt,LWCite-1026.txt,web_reference,,The growing impact of full disk encryption on digital forensics,Casey et al,2011,,,,,,,,,https://www.sciencedirect.com/science/article/abs/pii/S1742287611000727?via%3Dihub,,"Casey et al (2011) The growing impact of full disk encryption on digital forensics, https://www.sciencedirect.com/science/article/abs/pii/S1742287611000727?via%3Dihub",
LWCite-1027,LWCite-1027.txt,LWCite-1027.txt,citation_text_reference,,Do identities matter?,"Casey, E.; Jaquet-Chiffelle, D.O",2019,"Policing: A Journal of Policy and Practice, 13(1), pp.21-34",,,,,,,,,,"Casey, E. and Jaquet-Chiffelle, D.O., 2019. Do identities matter?. Policing: A Journal of Policy and Practice, 13(1), pp.21-34.",
LWCite-1028,LWCite-1028.txt,LWCite-1028.txt,citation_text_reference,,"Digital evidence and computer crime: Forensic science, computers, and the internet","Casey, E",2011,"Academic press, Section 8.1.2",,,,,,,,,,"Casey, E., 2011. Digital evidence and computer crime: Forensic science, computers, and the internet. Academic press, Section 8.1.2",
LWCite-1029,LWCite-1029.txt,LWCite-1029.txt,citation_text_reference,,"Digital evidence and computer crime: Forensic science, computers, and the internet","Casey, E",2011,"Academic press, Section 8.1.3",,,,,,,,,,"Casey, E., 2011. Digital evidence and computer crime: Forensic science, computers, and the internet. Academic press, Section 8.1.3",
LWCite-1030,LWCite-1030.txt,LWCite-1030.txt,citation_text_reference,,Standardization of file recovery classification and authentication,"Casey, E., Nelson, A.; Hyde, J",2019,"Digital Investigation, 31, p.100873",,,,,,,,,,"Casey, E., Nelson, A. and Hyde, J., 2019. Standardization of file recovery classification and authentication. Digital Investigation, 31, p.100873.",
LWCite-1031,LWCite-1031.txt,LWCite-1031.txt,web_reference,,Full File System Extraction - Mobile Device Forensics,Cellebrite,undated,,,,,,,,,https://cellebrite.com/en/glossary/full-file-system-extraction-mobile-device-forensics/,,"Cellebrite (undated), Full File System Extraction - Mobile Device Forensics, https://cellebrite.com/en/glossary/full-file-system-extraction-mobile-device-forensics/",
LWCite-1032,LWCite-1032.txt,LWCite-1032.txt,citation_text_reference,,Private browsing: A window of forensic opportunity,"Chivers, H",2014,"Digital Investigation, 11(1), pp.20-29",,,,,,,,,,"Chivers, H., 2014. Private browsing: A window of forensic opportunity. Digital Investigation, 11(1), pp.20-29.",
LWCite-1033,LWCite-1033.txt,LWCite-1033.txt,web_reference,,PUMA (Programmable Utility for Mobile Automation),Claij-Swart et al,2025,,,,,,,,,https://github.com/NetherlandsForensicInstitute/puma,,"Claij-Swart et al. (2025), PUMA (Programmable Utility for Mobile Automation), https://github.com/NetherlandsForensicInstitute/puma",
LWCite-1034,LWCite-1034.txt,LWCite-1034.txt,citation_text_reference,,Automatically generating digital forensic reference data triggered by mobile application updates,"Claij-Swart, A.A., Oudsen, E., Timbermont, B., Hargreaves, C.; Voigt, L.L",2025,"Forensic Science International: Digital Investigation, 54, p.301985",,,,,,,,,,"Claij-Swart, A.A., Oudsen, E., Timbermont, B., Hargreaves, C. and Voigt, L.L., 2025. Automatically generating digital forensic reference data triggered by mobile application updates. Forensic Science International: Digital Investigation, 54, p.301985.",
LWCite-1035,LWCite-1035.txt,LWCite-1035.txt,citation_text_reference,,"Extending the advanced forensic format to accommodate multiple data sources, logical evidence, arbitrary information and forensic workflow","Cohen, M., Garfinkel, S.; Schatz, B",2009,"digital investigation, 6, pp.S57-S68",,,,,,,,,,"Cohen, M., Garfinkel, S. and Schatz, B., 2009. Extending the advanced forensic format to accommodate multiple data sources, logical evidence, arbitrary information and forensic workflow. digital investigation, 6, pp.S57-S68.",
LWCite-1036,LWCite-1036.txt,LWCite-1036.txt,web_reference,,"DSTL Digital Forensics Bulletin, TRIM & Garbage Collection on SSDs, Edition 27, July 2024 DSTL/PUB160897",,2024,,,,,,,,,https://mailchi.mp/3b5bda81ff5f/digital-forensic-bulletin-edition27-trim-and-garbage-collection-on-ssds9445401,,"DSTL Digital Forensics Bulletin, TRIM & Garbage Collection on SSDs, Edition 27, July 2024 DSTL/PUB160897, https://mailchi.mp/3b5bda81ff5f/digital-forensic-bulletin-edition27-trim-and-garbage-collection-on-ssds9445401",
LWCite-1037,LWCite-1037.txt,LWCite-1037.txt,web_reference,,‘Privacy by design – 10 ways MSAB can help you meet the challenges.' MSAB Blog,Dickinson,2020,Web resource,,,,,,,,https://www.msab.com/blog/privacy-by-design-10-ways-msab-can-help-you-meet-the-challenges/,,Dickinson (2020) ‘Privacy by design – 10 ways MSAB can help you meet the challenges.’ MSAB Blog. Available at: https://www.msab.com/blog/privacy-by-design-10-ways-msab-can-help-you-meet-the-challenges/,
LWCite-1038,LWCite-1038.txt,LWCite-1038.txt,web_reference,,Digital Detective Knowledgebase,,,,,,,,,,,https://kb.digital-detective.net/display/BF,,Digital Detective Knowledgebase https://kb.digital-detective.net/display/BF,
LWCite-1039,LWCite-1039.txt,LWCite-1039.txt,citation_text_reference,,Beyond timestamps: Integrating implicit timing information into digital forensic timelines,"Dreier, L.M., Vanini, C., Hargreaves, C.J., Breitinger, F.; Freiling, F",2024,"Forensic Science International: Digital Investigation, 49, p.301755",,,,,,,,,,"Dreier, L.M., Vanini, C., Hargreaves, C.J., Breitinger, F. and Freiling, F., 2024. Beyond timestamps: Integrating implicit timing information into digital forensic timelines. Forensic Science International: Digital Investigation, 49, p.301755.",
LWCite-1040,LWCite-1040.txt,LWCite-1040.txt,citation_text_reference,,File type identification tools for digital investigations,"Dubettier, A., Gernot, T., Giguet, E.; Rosenberger, C",2023,"Forensic Science International: Digital Investigation, 46, p.301574",,,,,,,,,,"Dubettier, A., Gernot, T., Giguet, E. and Rosenberger, C., 2023. File type identification tools for digital investigations. Forensic Science International: Digital Investigation, 46, p.301574.",
LWCite-1041,LWCite-1041.txt,LWCite-1041.txt,web_reference,,Elcomsoft 20203,,2023,,,,,,,,,https://blog.elcomsoft.com/2023/07/ios-device-acquisition-installing-the-extraction-agent/,,Elcomsoft 20203 https://blog.elcomsoft.com/2023/07/ios-device-acquisition-installing-the-extraction-agent/,
LWCite-1042,LWCite-1042.txt,LWCite-1042.txt,web_reference,,Forensically Sound checkm8 Based Extraction of iPhone 5s,Elcomsoft,2021,6,,,,,,,,https://blog.elcomsoft.com/2021/05/checkm8-based-extraction-of-iphone-5s-6-6s-and-se/,,"Elcomsoft 2021, Forensically Sound checkm8 Based Extraction of iPhone 5s, 6, 6s and SE, https://blog.elcomsoft.com/2021/05/checkm8-based-extraction-of-iphone-5s-6-6s-and-se/",
LWCite-1043,LWCite-1043.txt,LWCite-1043.txt,citation_text_reference,,Techniques of Crime Scene Investigation,Fisher; Fisher,2012,Eighth Edition,,,,,,,,,,"Fisher & Fisher. 2012, Techniques of Crime Scene Investigation, Eighth Edition, p82",
LWCite-1044,LWCite-1044.txt,LWCite-1044.txt,web_reference,,Incident scene examination (FSR-GUI-0006),Forensic Science Regulator,2025,GOV.UK,,,,,,,,https://www.gov.uk/government/publications/incident-scene-examination-fsr-gui-0006,,Forensic Science Regulator (2025) Incident scene examination (FSR-GUI-0006). GOV.UK. Available at: https://www.gov.uk/government/publications/incident-scene-examination-fsr-gui-0006,
LWCite-1045,LWCite-1045.txt,LWCite-1045.txt,citation_text_reference,,A new model for forensic data extraction from encrypted mobile devices,"Fukami, A., Stoykova, R.; Geradts, Z",2021,"Forensic Science International: Digital Investigation, 38, p.301169",,,,,,,,,,"Fukami, A., Stoykova, R. and Geradts, Z., 2021. A new model for forensic data extraction from encrypted mobile devices. Forensic Science International: Digital Investigation, 38, p.301169.",
LWCite-1046,LWCite-1046.txt,LWCite-1046.txt,citation_text_reference,,From sync to seizure: A binary instrumentation-based evaluation of the iCloud backup process,"Geus, J., Gruber, J., Wozar, J.; Freiling, F",2025,"Forensic Science International: Digital Investigation, 54, p.301978",,,,,,,,,,"Geus, J., Gruber, J., Wozar, J. and Freiling, F., 2025. From sync to seizure: A binary instrumentation-based evaluation of the iCloud backup process. Forensic Science International: Digital Investigation, 54, p.301978.",
LWCite-1047,LWCite-1047.txt,LWCite-1047.txt,web_reference,,Content provider basics,Google,2025,Web resource,,,,,,,,https://developer.android.com/guide/topics/providers/content-provider-basics,,Google (2025) Content provider basics. Available at: https://developer.android.com/guide/topics/providers/content-provider-basics.,
LWCite-1048,LWCite-1048.txt,LWCite-1048.txt,web_reference,,PhotoRec,Grenier,2023,,,,,,,,,https://www.cgsecurity.org/wiki/PhotoRec,,"Grenier (2023) PhotoRec, https://www.cgsecurity.org/wiki/PhotoRec",
LWCite-1049,LWCite-1049.txt,LWCite-1049.txt,citation_text_reference,,Android forensics: Automated data collection and reporting from a mobile device,"Grover, J",2013,"Digital Investigation, 10, pp.S12-S20",,,,,,,,,,"Grover, J., 2013. Android forensics: Automated data collection and reporting from a mobile device. Digital Investigation, 10, pp.S12-S20.",
LWCite-1050,LWCite-1050.txt,LWCite-1050.txt,citation_text_reference,,May. Systematic analysis of browser history evidence,"Groß, T., Dirauf, R.; Freiling, F",2020,2020 13th International Conference on Systematic Approaches to Digital Forensic Engineering (SADFE) (pp. 1-12). IEEE,,,,,,,,,,"Groß, T., Dirauf, R. and Freiling, F., 2020, May. Systematic analysis of browser history evidence. In 2020 13th International Conference on Systematic Approaches to Digital Forensic Engineering (SADFE) (pp. 1-12). IEEE.",
LWCite-1051,LWCite-1051.txt,LWCite-1051.txt,citation_text_reference,,"Evaluating atomicity, and integrity of correct memory acquisition methods","Gruhn, M.; Freiling, F.C",2016,"Digital Investigation, 16, S1-S10",,,,,,,,,,"Gruhn, M. and Freiling, F.C., 2016. Evaluating atomicity, and integrity of correct memory acquisition methods. Digital Investigation, 16, S1-S10.",
LWCite-1052,LWCite-1052.txt,LWCite-1052.txt,citation_text_reference,,Hidden disk areas: HPA and DCO,"Gupta, M.R., Hoeschele, M.D.; Rogers, M.K",2006,"International Journal of Digital Evidence, 5(1), pp.1-8",,,,,,,,,,"Gupta, M.R., Hoeschele, M.D. and Rogers, M.K., 2006. Hidden disk areas: HPA and DCO. International Journal of Digital Evidence, 5(1), pp.1-8.",
LWCite-1053,LWCite-1053.txt,LWCite-1053.txt,citation_text_reference,,Lest we remember: cold-boot attacks on encryption keys,"Halderman, J.A., Schoen, S.D., Heninger, N., Clarkson, W., Paul, W., Calandrino, J.A., Feldman, A.J., Appelbaum, J.; Felten, E.W",2009,"Communications of the ACM, 52(5), pp.91-98",,,,,,,,,,"Halderman, J.A., Schoen, S.D., Heninger, N., Clarkson, W., Paul, W., Calandrino, J.A., Feldman, A.J., Appelbaum, J. and Felten, E.W., 2009. Lest we remember: cold-boot attacks on encryption keys. Communications of the ACM, 52(5), pp.91-98.",
LWCite-1054,LWCite-1054.txt,LWCite-1054.txt,text_reference,,Hargreaves & Chivers 2008b,,,"Avoiding Live Imaging of Large Encrypted Volumes by Recovering Keys from Memory, Proceedings from 3rd Advances in Computer Security and Forensics",,,,,,,,,,"Hargreaves & Chivers 2008b. Avoiding Live Imaging of Large Encrypted Volumes by Recovering Keys from Memory, Proceedings from 3rd Advances in Computer Security and Forensics",
LWCite-1055,LWCite-1055.txt,LWCite-1055.txt,citation_text_reference,,"Forensic Analysis of AI Applications: A Replika ""AI Companion"" example",Hargreaves; Drury,2025,WSDF 2025,,,,,,,,,,"Hargreaves & Drury, 2025, Forensic Analysis of AI Applications: A Replika ""AI Companion"" example, WSDF 2025",
LWCite-1056,LWCite-1056.txt,LWCite-1056.txt,citation_text_reference,,March. Recovery of encryption keys from memory using a linear scan,"Hargreaves, C.; Chivers, H",2008,"2008 Third International Conference on Availability, Reliability and Security (pp. 1369-1376). IEEE",,,,,,,,,,"Hargreaves, C. and Chivers, H., 2008, March. Recovery of encryption keys from memory using a linear scan. In 2008 Third International Conference on Availability, Reliability and Security (pp. 1369-1376). IEEE.",
LWCite-1057,LWCite-1057.txt,LWCite-1057.txt,citation_text_reference,,SyncTriage: Using synchronisation artefacts to optimise acquisition order,"Hargreaves, C.; Marshall, A",2019,"Digital Investigation, 28, pp.S134-S140",,,,,,,,,,"Hargreaves, C. and Marshall, A., 2019. SyncTriage: Using synchronisation artefacts to optimise acquisition order. Digital Investigation, 28, pp.S134-S140.",
LWCite-1058,LWCite-1058.txt,LWCite-1058.txt,citation_text_reference,,An automated timeline reconstruction approach for digital forensic investigations,"Hargreaves, C.; Patterson, J",2012,"Digital Investigation, 9, pp.S69-S79",,,,,,,,,,"Hargreaves, C. and Patterson, J., 2012. An automated timeline reconstruction approach for digital forensic investigations. Digital Investigation, 9, pp.S69-S79.",
LWCite-1059,LWCite-1059.txt,LWCite-1059.txt,citation_text_reference,,Windows Vista and digital investigations,"Hargreaves, C., Chivers, H.; Titheridge, D",2008,"Digital Investigation, 5(1-2), pp.34-48",,,,,,,,,,"Hargreaves, C., Chivers, H. and Titheridge, D., 2008. Windows Vista and digital investigations. Digital Investigation, 5(1-2), pp.34-48.",
LWCite-1060,LWCite-1060.txt,LWCite-1060.txt,citation_text_reference,,An abstract model for digital forensic analysis tools-A foundation for systematic error mitigation analysis,"Hargreaves, C., Nelson, A.; Casey, E",2024,"Forensic Science International: Digital Investigation, 48, p.301679",,,,,,,,,,"Hargreaves, C., Nelson, A. and Casey, E., 2024. An abstract model for digital forensic analysis tools-A foundation for systematic error mitigation analysis. Forensic Science International: Digital Investigation, 48, p.301679.",
LWCite-1061,LWCite-1061.txt,LWCite-1061.txt,web_reference,,"Hargreaves, C., Repository for 'An abstract model for digital forensic analysis tools - A foundation for systematic error mitigation analysis'",,,,,,,,,,,https://github.com/chrishargreaves/digital-forensic-tool-abstractions/tree/main,,"Hargreaves, C., Repository for 'An abstract model for digital forensic analysis tools - A foundation for systematic error mitigation analysis', https://github.com/chrishargreaves/digital-forensic-tool-abstractions/tree/main",
LWCite-1062,LWCite-1062.txt,LWCite-1062.txt,citation_text_reference,,Assessing the reliability of digital evidence from live investigations involving encryption,"Hargreaves, C.J",2009,Chapter 5,,,,,,,,,,"Hargreaves, C.J., 2009. Assessing the reliability of digital evidence from live investigations involving encryption. Chapter 5",
LWCite-1063,LWCite-1063.txt,LWCite-1063.txt,citation_text_reference,,Assessing the reliability of digital evidence from live investigations involving encryption,"Hargreaves, C.J",2009,Chapter 6,,,,,,,,,,"Hargreaves, C.J., 2009. Assessing the reliability of digital evidence from live investigations involving encryption. Chapter 6",
LWCite-1064,LWCite-1064.txt,LWCite-1064.txt,citation_text_reference,,I didn't see that! An examination of internet browser cache behaviour following website visits,"Horsman, G",2018,"Digital Investigation, 25, pp.105-113",,,,,,,,,,"Horsman, G., 2018. I didn't see that! An examination of internet browser cache behaviour following website visits. Digital Investigation, 25, pp.105-113.",
LWCite-1065,LWCite-1065.txt,LWCite-1065.txt,citation_text_reference,,A forensic examination of online search facility URL record structures,"Horsman, G",2019,"Journal of forensic sciences, 64(1), pp.236-242",,,,,,,,,,"Horsman, G., 2019. A forensic examination of online search facility URL record structures. Journal of forensic sciences, 64(1), pp.236-242.",
LWCite-1066,LWCite-1066.txt,LWCite-1066.txt,citation_text_reference,,The challenge of identifying historic ‘private browsing'sessions on suspect devices,"Horsman, G",2020,"Forensic Science International: Digital Investigation, 34, p.300980",,,,,,,,,,"Horsman, G., 2020. The challenge of identifying historic ‘private browsing’sessions on suspect devices. Forensic Science International: Digital Investigation, 34, p.300980.",
LWCite-1067,LWCite-1067.txt,LWCite-1067.txt,citation_text_reference,,Forensic radio survey techniques for cell site analysis,"Hoy, J",2023,John Wiley & Sons,,,,,,,,,,"Hoy, J., 2023. Forensic radio survey techniques for cell site analysis. John Wiley & Sons.",
LWCite-1068,LWCite-1068.txt,LWCite-1068.txt,text_reference,,- Forensic sciences — Part 5: Reporting,ISO 21043-5:,2025,,,,,,,,,,,ISO 21043-5:2025 - Forensic sciences — Part 5: Reporting,
LWCite-1069,LWCite-1069.txt,LWCite-1069.txt,citation_text_reference,,Revisiting logical image formats for future digital forensics: A comprehensive analysis on L01 and AFF4-L,"Im, S., Park, H., Joun, J., Lee, S.; Park, J",2024,"Forensic Science International: Digital Investigation, 50",,,,,,,,,,"Im, S., Park, H., Joun, J., Lee, S. and Park, J., 2024. Revisiting logical image formats for future digital forensics: A comprehensive analysis on L01 and AFF4-L. Forensic Science International: Digital Investigation, 50",
LWCite-1070,LWCite-1070.txt,LWCite-1070.txt,citation_text_reference,,ISO/IEC 27042:2015 Guidelines for the analysis and interpretation of digital evidence,International Organization for Standardization (ISO),2015,,,,,,,,,,,International Organization for Standardization (ISO) (2015) ISO/IEC 27042:2015 Guidelines for the analysis and interpretation of digital evidence.,
LWCite-1071,LWCite-1071.txt,LWCite-1071.txt,web_reference,,Guidelines for digital forensics first responders v7,Interpol,2021,Ch5 Specific Procedures p34,,,,,,,,https://www.interpol.int/content/download/16243/file/Guidelines_to_Digital_Forensics_First_Responders_V7.pdf,,"Interpol (2021), Guidelines for digital forensics first responders v7, Ch5 Specific Procedures p34, https://www.interpol.int/content/download/16243/file/Guidelines_to_Digital_Forensics_First_Responders_V7.pdf",
LWCite-1072,LWCite-1072.txt,LWCite-1072.txt,citation_text_reference,,As if Time Had Stopped – Checking Memory Dumps for Quasi-Instantaneous Consistency,"Jenny Ottmann, Üsame Cengiz, Frank Breitinger,; Felix Freiling",2023,"Proceedings of the Digital Forensics Research Conference USA (DFRWS USA), Baltimore, MD, July 2023",,,,,,,,,,"Jenny Ottmann, Üsame Cengiz, Frank Breitinger, and Felix Freiling, 2023. As if Time Had Stopped – Checking Memory Dumps for Quasi-Instantaneous Consistency. In Proceedings of the Digital Forensics Research Conference USA (DFRWS USA), Baltimore, MD, July 2023.",
LWCite-1073,LWCite-1073.txt,LWCite-1073.txt,citation_text_reference,,The reliability of clocks as digital evidence under low voltage conditions,"Jens-Petter Sandvik, André Årnes",2018,"Digital Investigation, 24, pp.S10-S17",,,,,,,,,,"Jens-Petter Sandvik, André Årnes, 2018. The reliability of clocks as digital evidence under low voltage conditions. Digital Investigation, 24, pp.S10-S17.",
LWCite-1074,LWCite-1074.txt,LWCite-1074.txt,citation_text_reference,,August. Measuring the effectiveness of keyword lists in digital forensics,"Kanta, A.; Hargreaves, C",2025,"Proceedings of the 20th International Conference on Availability, Reliability and Security",,,,,,,,,,"Kanta, A. and Hargreaves, C., 2025, August. Measuring the effectiveness of keyword lists in digital forensics. In Proceedings of the 20th International Conference on Availability, Reliability and Security.",
LWCite-1075,LWCite-1075.txt,LWCite-1075.txt,citation_text_reference,,December. PCWQ: A framework for evaluating password cracking wordlist quality,"Kanta, A., Coisel, I.; Scanlon, M",2021,International Conference on Digital Forensics and Cyber Crime (pp. 159-175). Cham: Springer International Publishing,,,,,,,,,,"Kanta, A., Coisel, I. and Scanlon, M., 2021, December. PCWQ: A framework for evaluating password cracking wordlist quality. In International Conference on Digital Forensics and Cyber Crime (pp. 159-175). Cham: Springer International Publishing.",
LWCite-1076,LWCite-1076.txt,LWCite-1076.txt,citation_text_reference,,"Harder, better, faster, stronger: Optimising the performance of context-based password cracking dictionaries","Kanta, A., Coisel, I.; Scanlon, M",2023,"Forensic Science International: Digital Investigation, 44, p.301507",,,,,,,,,,"Kanta, A., Coisel, I. and Scanlon, M., 2023. Harder, better, faster, stronger: Optimising the performance of context-based password cracking dictionaries. Forensic Science International: Digital Investigation, 44, p.301507.",
LWCite-1077,LWCite-1077.txt,LWCite-1077.txt,citation_text_reference,,How viable is password cracking in digital forensic investigation? Analyzing the guessability of over 3.9 billion real-world accounts,"Kanta, A., Coray, S., Coisel, I.; Scanlon, M",2021,"Forensic Science International: Digital Investigation, 37, p.301186",,,,,,,,,,"Kanta, A., Coray, S., Coisel, I. and Scanlon, M., 2021. How viable is password cracking in digital forensic investigation? Analyzing the guessability of over 3.9 billion real-world accounts. Forensic Science International: Digital Investigation, 37, p.301186.",
LWCite-1078,LWCite-1078.txt,LWCite-1078.txt,citation_text_reference,,File type identification-computational intelligence for digital forensics,"Karampidis, K.; Papadourakis, G",2017,"Journal of Digital Forensics, Security and Law, 12(2), p.6",,,,,,,,,,"Karampidis, K. and Papadourakis, G., 2017. File type identification-computational intelligence for digital forensics. Journal of Digital Forensics, Security and Law, 12(2), p.6.",
LWCite-1079,LWCite-1079.txt,LWCite-1079.txt,citation_text_reference,,Generation and handling of hard drive duplicates as piece of evidence,"Kemmerich, T., Junge, F., Kuntze, N., Rudolph, C., Endicott-Popovsky, B.; Großkopf, L",2014,,,,,,,,,,,"Kemmerich, T., Junge, F., Kuntze, N., Rudolph, C., Endicott-Popovsky, B. and Großkopf, L., 2014. Generation and handling of hard drive duplicates as piece of evidence.",
LWCite-1080,LWCite-1080.txt,LWCite-1080.txt,web_reference,,Guide to Integrating Forensic Techniques into Incident Response,"Kent, K., Chevalier, S., Grance, T.; Dang, H",2006,NIST Special Publication 800‑86,,,,,,,,https://nvlpubs.nist.gov/nistpubs/legacy/sp/nistspecialpublication800-86.pdf,,"Kent, K., Chevalier, S., Grance, T. & Dang, H. (2006) Guide to Integrating Forensic Techniques into Incident Response. NIST Special Publication 800‑86. National Institute of Standards and Technology (NIST). Available at: https://nvlpubs.nist.gov/nistpubs/legacy/sp/nistspecialpublication800-86.pdf",
LWCite-1081,LWCite-1081.txt,LWCite-1081.txt,text_reference,,11(4):10,"Kessler GC. The impact of SHA-1 file hash collisions on digital forensic imaging: A follow-up experiment. Journal of Digital Forensics, Security; Law",2016,,,,,,,,,,,"Kessler GC. The impact of SHA-1 file hash collisions on digital forensic imaging: A follow-up experiment. Journal of Digital Forensics, Security and Law. 2016;11(4):10.",
LWCite-1082,LWCite-1082.txt,LWCite-1082.txt,citation_text_reference,,Anti-forensics and the digital investigator,"Kessler, G.C",2007,,,,,,,,,,,"Kessler, G.C., 2007. Anti-forensics and the digital investigator.",
LWCite-1083,LWCite-1083.txt,LWCite-1083.txt,citation_text_reference,,The impact of MD5 file hash collisions on digital forensic imaging,"Kessler, G.C",2016,"Journal of digital forensics, security and law, 11(4), p.9",,,,,,,,,,"Kessler, G.C., 2016. The impact of MD5 file hash collisions on digital forensic imaging. Journal of digital forensics, security and law, 11(4), p.9.",
LWCite-1084,LWCite-1084.txt,LWCite-1084.txt,citation_text_reference,,Using every part of the buffalo in Windows memory analysis,"Kornblum, J.D",2007,"Digital Investigation, 4(1), pp.24-29",,,,,,,,,,"Kornblum, J.D., 2007. Using every part of the buffalo in Windows memory analysis. Digital Investigation, 4(1), pp.24-29.",
LWCite-1085,LWCite-1085.txt,LWCite-1085.txt,citation_text_reference,,A universal taxonomy and survey of forensic memory acquisition techniques,"Latzo, T., Palutke, R.; Freiling, F",2019,"Digital Investigation, 28, 56-69",,,,,,,,,,"Latzo, T., Palutke, R. and Freiling, F., 2019. A universal taxonomy and survey of forensic memory acquisition techniques. Digital Investigation, 28, 56-69.",
LWCite-1086,LWCite-1086.txt,LWCite-1086.txt,citation_text_reference,,A forensic examination of several mobile device Faraday bags & materials to test their effectiveness,"Lennox-Steele, A.,; Nisbet, A",2016,"Valli, C. (Ed.). (2016). The Proceedings of 14th Australian Digital Forensics Conference, 5-6 December 2016, Edith Cowan University, Perth, Australia. (pp 34-41)",,,,,,,,,,"Lennox-Steele, A., & Nisbet, A. (2016). A forensic examination of several mobile device Faraday bags & materials to test their effectiveness. In Valli, C. (Ed.). (2016). The Proceedings of 14th Australian Digital Forensics Conference, 5-6 December 2016, Edith Cowan University, Perth, Australia. (pp 34-41).",
LWCite-1087,LWCite-1087.txt,LWCite-1087.txt,citation_text_reference,,October. Change-link 2.0: a digital forensic tool for visualizing changes to shadow volume data,"Leschke, T.R.; Nicholas, C",2013,Proceedings of the Tenth Workshop on Visualization for Cyber Security (pp. 17-24),,,,,,,,,,"Leschke, T.R. and Nicholas, C., 2013, October. Change-link 2.0: a digital forensic tool for visualizing changes to shadow volume data. In Proceedings of the Tenth Workshop on Visualization for Cyber Security (pp. 17-24).",
LWCite-1088,LWCite-1088.txt,LWCite-1088.txt,web_reference,,Testing disk imaging tools,"Lyle, J",2002,DFRWS USA 2002,,,,,,,,https://dfrws.org/wp-content/uploads/2019/06/2002_USA_paper-testing_disk_imaging_tools.pdf,,"Lyle, J., 2002. Testing disk imaging tools. DFRWS USA 2002, https://dfrws.org/wp-content/uploads/2019/06/2002_USA_paper-testing_disk_imaging_tools.pdf",
LWCite-1089,LWCite-1089.txt,LWCite-1089.txt,citation_text_reference,,A strategy for testing hardware write block devices,"Lyle, J.R",2006,"digital investigation, 3, pp.3-9",,,,,,,,,,"Lyle, J.R., 2006. A strategy for testing hardware write block devices. digital investigation, 3, pp.3-9.",
LWCite-1090,LWCite-1090.txt,LWCite-1090.txt,citation_text_reference,,November. Polyglots: crossing origins by crossing formats,"Magazinius, J., Rios, B.K.; Sabelfeld, A",2013,Proceedings of the 2013 ACM SIGSAC conference on Computer & communications security (pp. 753-764),,,,,,,,,,"Magazinius, J., Rios, B.K. and Sabelfeld, A., 2013, November. Polyglots: crossing origins by crossing formats. In Proceedings of the 2013 ACM SIGSAC conference on Computer & communications security (pp. 753-764).",
LWCite-1091,LWCite-1091.txt,LWCite-1091.txt,web_reference,,Revealing hidden data: Full file system extractions uncovered,Magnet,2024,,,,,,,,,https://www.magnetforensics.com/blog/revealing-hidden-data-full-file-system-extractions-uncovered/,,"Magnet (2024) Revealing hidden data: Full file system extractions uncovered, https://www.magnetforensics.com/blog/revealing-hidden-data-full-file-system-extractions-uncovered/",
LWCite-1092,LWCite-1092.txt,LWCite-1092.txt,web_reference,,Using the Geolocation Data Filter in Magnet AXIOM & AXIOM Cyber,Magnet,2020,,,,,,,,,https://www.magnetforensics.com/blog/using-the-geolocation-data-filter-in-magnet-axiom-axiom-cyber/,,"Magnet 2020, Using the Geolocation Data Filter in Magnet AXIOM & AXIOM Cyber, https://www.magnetforensics.com/blog/using-the-geolocation-data-filter-in-magnet-axiom-axiom-cyber/",
LWCite-1093,LWCite-1093.txt,LWCite-1093.txt,web_reference,,Moving in the right direction with Animated maps,Magnet,2024,,,,,,,,,https://www.magnetforensics.com/blog/moving-in-the-right-direction-with-animated-maps/,,"Magnet 2024, Moving in the right direction with Animated maps, https://www.magnetforensics.com/blog/moving-in-the-right-direction-with-animated-maps/",
LWCite-1094,LWCite-1094.txt,LWCite-1094.txt,web_reference,,Magnet Axiom Wordlist Generator,Magnet Forensics,2019,Magnet Forensics,,,,,,,,https://www.magnetforensics.com/resources/magnet-axiom-wordlist-generator/,,Magnet Forensics (2019) Magnet Axiom Wordlist Generator. Magnet Forensics. Available at: https://www.magnetforensics.com/resources/magnet-axiom-wordlist-generator/,
LWCite-1095,LWCite-1095.txt,LWCite-1095.txt,web_reference,,Utilizing AXIOM Wordlist Generator to Optimize Handset Lock Code Breaking,Magnet Forensics,2019,Magnet Forensics,,,,,,,,https://www.magnetforensics.com/blog/utilizing-axiom-wordlist-generator-to-optimize-handset-lock-code-breaking/,,"Magnet Forensics (2019) Utilizing AXIOM Wordlist Generator to Optimize Handset Lock Code Breaking, Magnet Forensics, Available at: https://www.magnetforensics.com/blog/utilizing-axiom-wordlist-generator-to-optimize-handset-lock-code-breaking/",
LWCite-1096,LWCite-1096.txt,LWCite-1096.txt,citation_text_reference,,Live and trustworthy forensic analysis of commodity production systems,"Martignoni, L., Fattori, A., Paleari, R.; Cavallaro, L",2010,"International Workshop on Recent Advances in Intrusion Detection (pp. 297-316). Berlin, Heidelberg: Springer Berlin Heidelberg",,,,,,,,,,"Martignoni, L., Fattori, A., Paleari, R. and Cavallaro, L., 2010. Live and trustworthy forensic analysis of commodity production systems. In International Workshop on Recent Advances in Intrusion Detection (pp. 297-316). Berlin, Heidelberg: Springer Berlin Heidelberg.",
LWCite-1097,LWCite-1097.txt,LWCite-1097.txt,web_reference,,An Alternate Location for Deleted SMS/iMessage Data in Apple Devices,"McGee, J",2022,DFIR Review,,,,,,,,https://dfir.pubpub.org/pub/yp6efc8q,,"McGee, J. (2022). An Alternate Location for Deleted SMS/iMessage Data in Apple Devices. DFIR Review. Retrieved from https://dfir.pubpub.org/pub/yp6efc8q",
LWCite-1098,LWCite-1098.txt,LWCite-1098.txt,web_reference,,Using Keywords with Magnet AXIOM,"McQuaid, J",2017,Magnet Forensics,,,,,,,,https://www.magnetforensics.com/blog/using-keywords-with-magnet-axiom/,,"McQuaid, J. (2017) Using Keywords with Magnet AXIOM, Magnet Forensics, https://www.magnetforensics.com/blog/using-keywords-with-magnet-axiom/",
LWCite-1099,LWCite-1099.txt,LWCite-1099.txt,citation_text_reference,,BrowStEx: A tool to aggregate browser storage artifacts for forensic analysis,"Mendoza, A., Kumar, A., Midcap, D., Cho, H.; Varol, C",2015,"Digital investigation, 14, pp.63-75",,,,,,,,,,"Mendoza, A., Kumar, A., Midcap, D., Cho, H. and Varol, C., 2015. BrowStEx: A tool to aggregate browser storage artifacts for forensic analysis. Digital investigation, 14, pp.63-75.",
LWCite-1100,LWCite-1100.txt,LWCite-1100.txt,web_reference,,Windows Search forensics,Metz,2011,,,,,,,,,https://www.forensicfocus.com/articles/windows-search-forensics/,,"Metz (2011), Windows Search forensics, https://www.forensicfocus.com/articles/windows-search-forensics/",
LWCite-1101,LWCite-1101.txt,LWCite-1101.txt,web_reference,,Profiles.ini file,Mozillazine,2017,,,,,,,,,https://kb.mozillazine.org/Profiles.ini_file,,"Mozillazine (2017), Profiles.ini file, https://kb.mozillazine.org/Profiles.ini_file",
LWCite-1102,LWCite-1102.txt,LWCite-1102.txt,doi_text_reference,,NIST SP 800-86 Guide to Integrating Forensic Techniques into Incident Response,NIST,2006,,,,,,,10.6028/NIST.SP.800-86,https://doi.org/10.6028/NIST.SP.800-86,https://doi.org/10.6028/NIST.SP.800-86,,"NIST (2006) NIST SP 800-86 Guide to Integrating Forensic Techniques into Incident Response, https://doi.org/10.6028/NIST.SP.800-86",
LWCite-1103,LWCite-1103.txt,LWCite-1103.txt,web_reference,,Computer forensics tools & techniques catalog: string search,NIST,2025,,,,,,,,,https://toolcatalog.nist.gov/taxonomy/index.php?ff_id=31,,"NIST, 2025. Computer forensics tools & techniques catalog: string search, https://toolcatalog.nist.gov/taxonomy/index.php?ff_id=31",
LWCite-1104,LWCite-1104.txt,LWCite-1104.txt,citation_text_reference,,A standardized corpus for SQLite database forensics,"Nemetz, S., Schmitt, S.; Freiling, F",2018,"Digital Investigation, 24, pp.S121-S130",,,,,,,,,,"Nemetz, S., Schmitt, S. and Freiling, F., 2018. A standardized corpus for SQLite database forensics. Digital Investigation, 24, pp.S121-S130.",
LWCite-1105,LWCite-1105.txt,LWCite-1105.txt,web_reference,,New msgstore – Who ‘Dis? A Look At An Updated WhatsApp On Android,,2022,,,,,,,,,https://thebinaryhick.blog/2022/06/09/new-msgstore-who-dis-a-look-at-an-updated-whatsapp-on-android/,,"New msgstore – Who ‘Dis? A Look At An Updated WhatsApp On Android, https://thebinaryhick.blog/2022/06/09/new-msgstore-who-dis-a-look-at-an-updated-whatsapp-on-android/",
LWCite-1106,LWCite-1106.txt,LWCite-1106.txt,citation_text_reference,,Forensic analysis of GPT disks and GUID partition tables,"Nikkel, B",2009,"Digital Investigation, 6(1-2), pp.39-47",,,,,,,,,,"Nikkel, B., 2009. Forensic analysis of GPT disks and GUID partition tables. Digital Investigation, 6(1-2), pp.39-47.",
LWCite-1107,LWCite-1107.txt,LWCite-1107.txt,citation_text_reference,,Practical forensic imaging: securing digital evidence with Linux tools,"Nikkel, B",2016,"No Starch Press, Chapter 6, ""Forensic Image Acquisition",,,,,,,,,,"Nikkel, B., 2016. Practical forensic imaging: securing digital evidence with Linux tools. No Starch Press, Chapter 6, “Forensic Image Acquisition",
LWCite-1108,LWCite-1108.txt,LWCite-1108.txt,citation_text_reference,,Advanced evidence collection and analysis of web browser activity,"Oh, J., Lee, S.; Lee, S",2011,"Digital investigation, 8, pp.S62-S70",,,,,,,,,,"Oh, J., Lee, S. and Lee, S., 2011. Advanced evidence collection and analysis of web browser activity. Digital investigation, 8, pp.S62-S70.",
LWCite-1109,LWCite-1109.txt,LWCite-1109.txt,citation_text_reference,,Advanced evidence collection and analysis of web browser activity,"Oh, J., Lee, S.; Lee, S",2011,"Digital investigation, 8, pp.S62-S70., section 3.6",,,,,,,,,,"Oh, J., Lee, S. and Lee, S., 2011. Advanced evidence collection and analysis of web browser activity. Digital investigation, 8, pp.S62-S70., section 3.6",
LWCite-1110,LWCite-1110.txt,LWCite-1110.txt,citation_text_reference,,An experimental assessment of inconsistencies in memory forensics,"Ottmann, J., Breitinger, F.; Freiling, F",2024,ACM Transactions on Privacy and Security (TOPS),,,,,,,,,,"Ottmann, J., Breitinger, F. and Freiling, F., 2024. An experimental assessment of inconsistencies in memory forensics. ACM Transactions on Privacy and Security (TOPS). 27, 2:1–2:29.",
LWCite-1111,LWCite-1111.txt,LWCite-1111.txt,citation_text_reference,,Introducing the temporal dimension to memory forensics,"Pagani, F., Fedorov, O.; Balzarotti, D",2019,"ACM Transactions on Privacy and Security (TOPS), 22(2), 1-21",,,,,,,,,,"Pagani, F., Fedorov, O. and Balzarotti, D., 2019. Introducing the temporal dimension to memory forensics. ACM Transactions on Privacy and Security (TOPS), 22(2), 1-21.",
LWCite-1112,LWCite-1112.txt,LWCite-1112.txt,web_reference,,Paladin Forensic Suite,,,,,,,,,,,https://sumuri.com/software/paladin/,,"Paladin Forensic Suite, https://sumuri.com/software/paladin/",
LWCite-1113,LWCite-1113.txt,LWCite-1113.txt,citation_text_reference,,Forensic analysis of the Firefox 3 Internet history and recovery of deleted SQLite records,"Pereira, M.T",2009,"Digital Investigation, 5(3-4), pp.93-103",,,,,,,,,,"Pereira, M.T., 2009. Forensic analysis of the Firefox 3 Internet history and recovery of deleted SQLite records. Digital Investigation, 5(3-4), pp.93-103.",
LWCite-1114,LWCite-1114.bib,LWCite-1114.bib,incollection,petersen2022dogs,Dogs as Detectors for Hidden Digital Storage Devices: A Pilot Study from the National Police of The Netherlands,"Petersen, Stèphan J; Schoon, Adee",2022,Canines,Jenny Stanford Publishing,,,,535--557,,,,,,"@incollection{petersen2022dogs, title={Dogs as Detectors for Hidden Digital Storage Devices: A Pilot Study from the National Police of The Netherlands}, author={Petersen, St{\`e}phan J and Schoon, Adee}, booktitle={Canines}, pages={535--557}, year={2022}, publisher={Jenny Stanford Publishing} }"
LWCite-1115,LWCite-1115.txt,LWCite-1115.txt,citation_text_reference,,Real-time digital forensics and triage,"Roussev, V., Quates, C.; Martell, R",2013,"Digital Investigation, 10(2), pp.158-167",,,,,,,,,,"Roussev, V., Quates, C. and Martell, R., 2013. Real-time digital forensics and triage. Digital Investigation, 10(2), pp.158-167.",
LWCite-1116,LWCite-1116.txt,LWCite-1116.txt,citation_text_reference,,Causal Inconsistencies are Normal in Windows Memory Dumps (too),"Rzepka, L., Ottmann, J., Freiling, F.; Baier, H",2024,Digital Threats: Research and Practice,,,,,,,,,,"Rzepka, L., Ottmann, J., Freiling, F. and Baier, H., 2024. Causal Inconsistencies are Normal in Windows Memory Dumps (too). Digital Threats: Research and Practice.",
LWCite-1117,LWCite-1117.txt,LWCite-1117.txt,citation_text_reference,,Applying digital stratigraphy to the problem of recycled storage media,"Schneider, J., Eichhorn, M., Dreier, L.M.; Hargreaves, C",2024,"Forensic Science International: Digital Investigation, 49, p.301761",,,,,,,,,,"Schneider, J., Eichhorn, M., Dreier, L.M. and Hargreaves, C., 2024. Applying digital stratigraphy to the problem of recycled storage media. Forensic Science International: Digital Investigation, 49, p.301761.",
LWCite-1118,LWCite-1118.txt,LWCite-1118.txt,citation_text_reference,,Preserving meaning of evidence from evolving systems,"Spichiger, H.; Adelstein, F",2025,"Forensic Science International: Digital Investigation, 52, p.301867",,,,,,,,,,"Spichiger, H. and Adelstein, F., 2025. Preserving meaning of evidence from evolving systems. Forensic Science International: Digital Investigation, 52, p.301867.",
LWCite-1119,LWCite-1119.txt,LWCite-1119.txt,citation_text_reference,,"Please mind the gap: A taxonomy for addressing the issue of linking person, account and device","Spichiger, H",2025,"Science & Justice, p.101314",,,,,,,,,,"Spichiger, H., 2025. Please mind the gap: A taxonomy for addressing the issue of linking person, account and device. Science & Justice, p.101314.",
LWCite-1120,LWCite-1120.txt,LWCite-1120.txt,citation_text_reference,,October. Forensic analysis of volume shadow copy in windows 7,"Sreeja, S.C.; Balan, C",2016,2016 International Conference on Emerging Technological Trends (ICETT) (pp. 1-6). IEEE,,,,,,,,,,"Sreeja, S.C. and Balan, C., 2016, October. Forensic analysis of volume shadow copy in windows 7. In 2016 International Conference on Emerging Technological Trends (ICETT) (pp. 1-6). IEEE.",
LWCite-1121,LWCite-1121.txt,LWCite-1121.txt,citation_text_reference,,Historic cell site analysis–Overview of principles and survey methodologies,"Tart, M., Brodie, I., Gleed, N.; Matthews, J",2012,"Digital Investigation, 8(3-4), pp.185-193",,,,,,,,,,"Tart, M., Brodie, I., Gleed, N. and Matthews, J., 2012. Historic cell site analysis–Overview of principles and survey methodologies. Digital Investigation, 8(3-4), pp.185-193.",
LWCite-1122,LWCite-1122.txt,LWCite-1122.txt,web_reference,,,The Zeitgeist Project,2021,,,,,,,,,https://zeitgeist.freedesktop.org,,The Zeitgeist Project (2021) https://zeitgeist.freedesktop.org,
LWCite-1123,LWCite-1123.txt,LWCite-1123.txt,web_reference,,Time is not on our side when it comes to Messages in iOS 11,,2017,,,,,,,,,https://smarterforensics.com/2017/09/time-is-not-on-our-side-when-it-comes-to-messages-in-ios-11/,,"Time is not on our side when it comes to Messages in iOS 11, https://smarterforensics.com/2017/09/time-is-not-on-our-side-when-it-comes-to-messages-in-ios-11/",
LWCite-1124,LWCite-1124.txt,LWCite-1124.txt,web_reference,,,"Turner, P. The Remapped/Reallocated Sector Conundrum, Presentation at DFRWS US",2024,,,,,,,,,https://www.dfrws.org/wp-content/uploads/2023/07/turner-remappedsectors.pdf,,"Turner, P. The Remapped/Reallocated Sector Conundrum, Presentation at DFRWS US 2024, https://www.dfrws.org/wp-content/uploads/2023/07/turner-remappedsectors.pdf",
LWCite-1125,LWCite-1125.txt,LWCite-1125.txt,text_reference,,p50,"Tyler, J",2012,"XDA Developers' Android Hacker's Toolkit: The Complete Guide to Rooting, ROMs and Theming",,,,,,,,,,"Tyler, J., 2012 p50. XDA Developers' Android Hacker's Toolkit: The Complete Guide to Rooting, ROMs and Theming. John Wiley & Sons",
LWCite-1126,LWCite-1126.txt,LWCite-1126.txt,doi_text_reference,,"""File Carving based Digital Forensic Tools Testing Data Sets (Contiguous Files)""","V, Kethareswaran; Khurana, Surinder Singh; Singh, Parvinder",2021,Mendeley Data,,,,,,10.17632/2kh2bdsp5b.3,https://doi.org/10.17632/2kh2bdsp5b.3,,,"V, Kethareswaran; Khurana, Surinder Singh; Singh, Parvinder (2021), “File Carving based Digital Forensic Tools Testing Data Sets (Contiguous Files)”, Mendeley Data, V3, doi: 10.17632/2kh2bdsp5b.3",
LWCite-1127,LWCite-1127.txt,LWCite-1127.txt,citation_text_reference,,Was the clock correct? Exploring timestamp interpretation through time anchors for digital forensic event reconstruction,"Vanini, C., Hargreaves, C.J., van Beek, H.; Breitinger, F",2024,"Forensic Science International: Digital Investigation, 49, p.301759",,,,,,,,,,"Vanini, C., Hargreaves, C.J., van Beek, H. and Breitinger, F., 2024. Was the clock correct? Exploring timestamp interpretation through time anchors for digital forensic event reconstruction. Forensic Science International: Digital Investigation, 49, p.301759.",
LWCite-1128,LWCite-1128.txt,LWCite-1128.txt,citation_text_reference,,An evaluation platform for forensic memory acquisition software,"Vömel, S.; Stüttgen, J",2013,"Digital Investigation, 10, S30-S40",,,,,,,,,,"Vömel, S. and Stüttgen, J., 2013. An evaluation platform for forensic memory acquisition software. Digital Investigation, 10, S30-S40.",
LWCite-1129,LWCite-1129.txt,LWCite-1129.txt,citation_text_reference,,Computer forensics: results of live response inquiry vs,"Waits, C., Akinyele, J.A., Nolan, R.; Rogers, L",2008,memory image analysis,,,,,,,,,,"Waits, C., Akinyele, J.A., Nolan, R. and Rogers, L., 2008. Computer forensics: results of live response inquiry vs. memory image analysis. CERT program, CMU/SEI-2008-TN-017.",
LWCite-1130,LWCite-1130.txt,LWCite-1130.txt,web_reference,,ZIP (file format),Wikipedia,2026,,,,,,,,,https://en.wikipedia.org/wiki/ZIP_(file_format)#ZIP64,,"Wikipedia (2026), ZIP (file format), https://en.wikipedia.org/wiki/ZIP_(file_format)#ZIP64",
LWCite-1131,LWCite-1131.txt,LWCite-1131.txt,citation_text_reference,,Effective resource management in digital forensics: An exploratory analysis of triage practices in four English constabularies,"Wilson-Kovacs, D",2020,"Policing: an international journal, 43(1), pp.77-90",,,,,,,,,,"Wilson-Kovacs, D., 2020. Effective resource management in digital forensics: An exploratory analysis of triage practices in four English constabularies. Policing: an international journal, 43(1), pp.77-90.",
LWCite-1132,LWCite-1132.txt,LWCite-1132.txt,web_reference,,WinFE,,,,,,,,,,,https://www.winfe.net,,"WinFE, https://www.winfe.net",
LWCite-1133,LWCite-1133.txt,LWCite-1133.txt,web_reference,,X-Ways Manual: Logical Search (section 5.11),X-Ways,2025,,,,,,,,,https://www.x-ways.net/winhex/manual.pdf,,"X-Ways (2025), X-Ways Manual: Logical Search (section 5.11), https://www.x-ways.net/winhex/manual.pdf",
LWCite-1134,LWCite-1134.txt,LWCite-1134.txt,web_reference,,X-Ways Manual: Simultaneous Search (section 5.10),X-Ways,2025,,,,,,,,,https://www.x-ways.net/winhex/manual.pdf,,"X-Ways (2025), X-Ways Manual: Simultaneous Search (section 5.10), https://www.x-ways.net/winhex/manual.pdf",
LWCite-1135,LWCite-1135.txt,LWCite-1135.txt,text_reference,,),X-Ways - Provides an option called ‘Scan for Lost Partitions' which explicitly scans for deleted partitions in unallocated space (X-Ways,2024,,,,,,,,,,,X-Ways - Provides an option called ‘Scan for Lost Partitions’ which explicitly scans for deleted partitions in unallocated space (X-Ways 2024),
LWCite-1136,LWCite-1136.txt,LWCite-1136.txt,url_reference,,,,,,,,,,,,,https://en.wikipedia.org/wiki/In-system_programming,,https://en.wikipedia.org/wiki/In-system_programming,
LWCite-1137,LWCite-1137.txt,LWCite-1137.txt,url_reference,,,,,,,,,,,,,https://github.com/prosch88/ALEX,,https://github.com/prosch88/ALEX,
LWCite-1138,LWCite-1138.txt,LWCite-1138.txt,url_reference,,,,,,,,,,,,,https://github.com/prosch88/UFADE,,https://github.com/prosch88/UFADE,
LWCite-1139,LWCite-1139.txt,LWCite-1139.txt,url_reference,,,,,,,,,,,,,https://support.mobiledit.com/portal/en/kb/articles/app-downgrade,,https://support.mobiledit.com/portal/en/kb/articles/app-downgrade,
LWCite-1140,LWCite-1140.txt,LWCite-1140.txt,url_reference,,,,,,,,,,,,,https://www.crowdstrike.com/en-us/guides/syslog-logging/advanced-concepts/,,https://www.crowdstrike.com/en-us/guides/syslog-logging/advanced-concepts/,
LWCite-1141,LWCite-1141.txt,LWCite-1141.txt,url_reference,,,,,,,,,,,,,https://www.opswat.com/blog/accurate-file-type-detection-powered-by-ai,,https://www.opswat.com/blog/accurate-file-type-detection-powered-by-ai,
LWCite-1142,LWCite-1142.txt,LWCite-1142.txt,url_reference,,,,,,,,,,,,,https://www.oxygenforensics.com/en/resources/downgrade-method-what-should-be-known-before-the-procedure/,,https://www.oxygenforensics.com/en/resources/downgrade-method-what-should-be-known-before-the-procedure/,
LWCite-1143,LWCite-1143.bib,LWCite-1143.bib; LWCite-1143.txt,inproceedings,gruhn2015windows,Windows NT pagefile. sys virtual memory analysis,"Gruhn, Michael",2015,2015 Ninth International Conference on IT Security Incident Management & IT Forensics,,IEEE,,,3--18,,,,,"Gruhn, M., 2015, May. Windows NT pagefile. sys virtual memory analysis. In 2015 Ninth International Conference on IT Security Incident Management & IT Forensics (pp. 3-18). IEEE.","@inproceedings{gruhn2015windows, title={Windows NT pagefile. sys virtual memory analysis}, author={Gruhn, Michael}, booktitle={2015 Ninth International Conference on IT Security Incident Management \& IT Forensics}, pages={3--18}, year={2015}, organization={IEEE} }"
LWCite-1144,LWCite-1144.bib,LWCite-1144.bib; LWCite-1144.txt,online,magnetforensics2020timestomping,Expose evidence of timestomping with the NTFS timestamp mismatch artifact in Magnet AXIOM 4.4,Magnet Forensics,2020,Web resource,,,,,,,,https://www.magnetforensics.com/blog/expose-evidence-of-timestomping-with-the-ntfs-timestamp-mismatch-artifact-in-magnet-axiom-4-4/,Accessed: 19 March 2026,Magnet Forensics (2020) Expose evidence of timestomping with the NTFS timestamp mismatch artifact in Magnet AXIOM 4.4. Available at: https://www.magnetforensics.com/blog/expose-evidence-of-timestomping-with-the-ntfs-timestamp-mismatch-artifact-in-magnet-axiom-4-4/,"@online{magnetforensics2020timestomping, author = {{Magnet Forensics}}, title = {Expose evidence of timestomping with the NTFS timestamp mismatch artifact in Magnet AXIOM 4.4}, year = {2020}, url = {https://www.magnetforensics.com/blog/expose-evidence-of-timestomping-with-the-ntfs-timestamp-mismatch-artifact-in-magnet-axiom-4-4/}, note = {Accessed: 19 March 2026} }"
LWCite-1146,LWCite-1146.bib,LWCite-1146.bib; LWCite-1146.txt,article,casey_structuring_2020,Structuring the Evaluation of Location-Related Mobile Device Evidence,"Casey, Eoghan; Jaquet-Chiffelle, David-Olivier; Spichiger, Hannes; Ryser, Elénore; Souvignet, Thomas",2020,Forensic Science International: Digital Investigation,,,32,,300928,10.1016/j.fsidi.2020.300928,https://doi.org/10.1016/j.fsidi.2020.300928,https://www.sciencedirect.com/science/article/pii/S2666281720300238,,"Casey, E., Jaquet-Chiffelle, D.-O., Spichiger, H., Ryser, E., Souvignet, T., 2020. Structuring the Evaluation of Location-Related Mobile Device Evidence. Forensic Science International: Digital Investigation 32, 300928. https://doi.org/10.1016/j.fsidi.2020.300928","@article{casey_structuring_2020, title = {Structuring the {Evaluation} of {Location}-{Related} {Mobile} {Device} {Evidence}}, volume = {32}, issn = {2666-2817}, url = {https://www.sciencedirect.com/science/article/pii/S2666281720300238}, doi = {10.1016/j.fsidi.2020.300928}, language = {en}, urldate = {2021-12-18}, journal = {Forensic Science International: Digital Investigation}, author = {Casey, Eoghan and Jaquet-Chiffelle, David-Olivier and Spichiger, Hannes and Ryser, Elénore and Souvignet, Thomas}, month = apr, year = {2020}, keywords = {Digital forensic science, Scientific interpretation, Digital evidence evaluation, Geolocation data, Location-related evidence, Mobile device evidence}, pages = {300928}, }"
LWCite-1147,LWCite-1147.bib,LWCite-1147.bib; LWCite-1147.txt,online,nist_chain_of_custody,Computer Security Resource Center Glossary: Chain of Custody,National Institute of Standards; Technology,undated,Web resource,,,,,,,,https://csrc.nist.gov/glossary/term/chain_of_custody,Accessed: 2026-03-27,National Institute of Standards and Technology (undated) Computer Security Resource Center Glossary: Chain of Custody. Available at: https://csrc.nist.gov/glossary/term/chain_of_custody.,"@online{nist_chain_of_custody, author = {{National Institute of Standards and Technology}}, title = {Computer Security Resource Center Glossary: Chain of Custody}, url = {https://csrc.nist.gov/glossary/term/chain_of_custody}, note = {Accessed: 2026-03-27} }"
LWCite-1148,LWCite-1148.bib,LWCite-1148.bib; LWCite-1148.txt,inproceedings,suma2017forensic,Forensic analysis of google chrome cache files,"Suma, GS; Dija, S; Pillai, Arun T",2017,2017 ieee international conference on computational intelligence and computing research (iccic),,IEEE,,,1--5,,,,,"Suma, G.S., Dija, S. and Pillai, A.T., 2017, December. Forensic analysis of google chrome cache files. In 2017 ieee international conference on computational intelligence and computing research (iccic) (pp. 1-5). IEEE.","@inproceedings{suma2017forensic, title={Forensic analysis of google chrome cache files}, author={Suma, GS and Dija, S and Pillai, Arun T}, booktitle={2017 ieee international conference on computational intelligence and computing research (iccic)}, pages={1--5}, year={2017}, organization={IEEE} }"
LWCite-1149,LWCite-1149.bib,LWCite-1149.bib,article,domingues2022digital,A digital forensic view of Windows 10 notifications,"Domingues, Patrício; Andrade, Luís; Frade, Miguel",2022,Forensic Sciences,MDPI,,2,1,88--106,,,,,,"@article{domingues2022digital, title={A digital forensic view of Windows 10 notifications}, author={Domingues, Patr{\'\i}cio and Andrade, Lu{\'\i}s and Frade, Miguel}, journal={Forensic Sciences}, volume={2}, number={1}, pages={88--106}, year={2022}, publisher={MDPI} }"
LWCite-1150,LWCite-1150.bib,LWCite-1150.bib,inproceedings,dragonas2024forensic,Forensic Analysis of Android Notifications' History,"Dragonas, Evangelos; Lambrinoudakis, Costas",2024,2024 IEEE International Conference on Cyber Security and Resilience (CSR),,IEEE,,,01--06,,,,,,"@inproceedings{dragonas2024forensic, title={Forensic Analysis of Android Notifications' History}, author={Dragonas, Evangelos and Lambrinoudakis, Costas}, booktitle={2024 IEEE International Conference on Cyber Security and Resilience (CSR)}, pages={01--06}, year={2024}, organization={IEEE} }"
